x,pi_x,partial_euler_product
100,25,0.940768152691305
102,26,1.04472186344681
104,27,0.951015519874694
106,27,0.951015519874694
107,28,0.867181882982812
109,29,0.959041387985568
111,29,0.959041387985568
113,30,1.05862880925985
115,30,1.05862880925985
118,30,1.05862880925985
120,30,1.05862880925985
122,30,1.05862880925985
124,30,1.05862880925985
126,30,1.05862880925985
129,31,0.972346968104036
131,32,0.894218716122216
133,32,0.894218716122216
136,32,0.894218716122216
138,33,0.977753866437522
141,34,0.901306082310614
143,34,0.901306082310614
146,34,0.901306082310614
149,35,0.98173276408652
151,36,0.907852754683978
154,36,0.907852754683978
157,37,0.986591313442818
160,37,0.986591313442818
163,38,0.914928576582716
165,38,0.914928576582716
168,39,0.849214393846624
172,39,0.849214393846624
175,40,0.919091637046979
178,40,0.919091637046979
181,42,0.923841611782806
184,42,0.923841611782806
188,42,0.923841611782806
191,43,0.861505277658871
195,44,0.928327772940903
198,45,0.999542206491853
202,46,0.933376874163462
205,46,0.933376874163462
209,46,0.933376874163462
213,47,0.87325922954677
217,47,0.87325922954677
221,47,0.87325922954677
225,48,0.818451653052413
229,50,0.821817435933657
233,51,0.879430867657273
237,51,0.879430867657273
241,53,0.882872075882174
246,53,0.882872075882174
250,53,0.882872075882174
255,54,0.830454267325707
259,55,0.885702896022255
264,56,0.834260207827656
269,57,0.888428659204053
274,58,0.83755105587023
279,59,0.891091558635511
284,61,0.894452275571415
289,61,0.894452275571415
294,62,0.949948881809345
300,62,0.949948881809345
305,62,0.949948881809345
311,64,0.850435871569262
316,65,0.901385173934102
322,66,0.955024705351712
328,66,0.955024705351712
334,67,0.905266744973384
340,68,0.957420778027346
346,68,0.957420778027346
352,70,0.960031617737899
359,72,0.963167437265508
365,72,0.963167437265508
372,73,0.915384742648792
379,75,0.918204683971098
385,76,0.873567471363125
392,77,0.920224716590367
400,78,0.968849899167365
407,79,1.01977503419388
414,80,1.07282270273998
422,82,1.07525792553292
429,82,1.07525792553292
437,84,1.07763243371028
445,86,0.981891684071572
453,87,1.03052517391377
461,89,1.13390811254827
470,91,1.03562806538199
478,91,1.03562806538199
487,93,0.947443825511071
496,94,0.906532582761478
505,96,0.830652503025694
514,97,0.869178147059021
523,99,0.87091960377323
533,99,0.87091960377323
542,100,0.91004551649594
552,101,0.872730264938529
562,102,0.911345200381206
573,105,0.87609123003437
583,106,0.914147696590832
594,108,0.915507773210585
604,110,0.916973672523398
615,112,0.918296235591717
626,114,0.919844532307974
638,115,0.884628045850741
649,118,0.852545650084601
661,121,0.888560995776766
673,122,0.924185737964667
685,124,0.925703695830854
698,125,0.891778830304474
710,127,0.962947179214532
723,128,0.928326444754353
737,130,0.92945831144534
750,132,0.864755916831667
764,135,0.89834365420692
777,137,0.96672119913019
791,138,0.933447393069064
806,139,0.967726006930221
820,141,0.96896429211269
835,145,0.971318057027889
851,146,0.93890350818072
866,150,0.941320933205741
882,152,1.00818453544896
898,154,0.94367550129975
914,156,0.884058117609777
931,158,0.884858247526648
947,161,0.915806416358754
965,162,0.946465439254017
982,165,0.917829184065272
1000,168,0.89027024498687
1018,170,0.949025876747851
1037,174,0.95082067724742
1055,177,0.923116679374882
1075,180,0.953166215139924
1094,183,0.925929156469283
1114,186,0.955541480272236
1134,189,0.985811127456675
1155,191,0.986642354438736
1176,193,0.931319373792216
1197,196,0.959968411827057
1219,199,1.04774666453921
1241,203,1.04930634616356
1263,205,1.05026213912933
1286,208,1.02255963326744
1310,214,1.02507987405027
1334,217,0.998427399693209
1358,217,0.998427399693209
1382,221,1.05533228955615
1407,222,1.02785197389984
1433,227,1.0573469346677
1459,232,0.978848420543826
1486,235,0.95463615780248
1512,240,0.93197433739427
1540,242,0.886045113018342
1568,247,0.865328542706486
1596,250,0.803128804780783
1625,257,0.867477658042945
1655,259,0.867943664827375
1685,263,0.869013620740711
1715,267,0.91328962171537
1747,272,0.936900861094476
1778,275,0.960252317510699
1811,280,0.939131103268549
1843,282,0.896683660888884
1877,288,0.897981508547107
1911,292,0.89890801349677
1946,295,0.920406639181768
1981,299,0.921387343430089
2017,306,0.902552314029444
2054,310,0.903360886035511
2091,316,0.904637055215776
2129,320,0.905344812344287
2167,326,0.946494058704337
2207,329,0.888401485194047
2247,334,0.908612939932199
2288,340,0.909737656194517
2329,344,0.949360368568537
2371,351,0.931472036125745
2414,358,0.952292543259404
2458,363,0.972830378598127
2503,368,0.954446123345657
2548,372,0.918074908918855
2595,378,0.919225381945375
2642,382,0.994710344046716
2690,391,0.940101100210978
2738,399,0.906037897124901
2788,404,0.960249123195652
2839,412,0.998517326109341
2890,418,0.96293704539534
2943,424,0.964069189616428
2996,429,0.982829932560009
3051,437,0.983907377002007
3106,442,0.967118724441347
3162,446,1.00299818980927
3220,455,0.986636081836996
3278,462,1.00537304480039
3338,470,0.972233579513241
3398,478,0.940296449539333
3460,483,0.990308387403734
3523,491,0.958449123841311
3587,502,0.944034489441956
3652,510,0.945173823814493
3718,518,0.977752689039746
3786,526,0.947276002266476
3854,535,0.963958376317477
3924,544,0.94985476215065
3995,550,0.920745410719405
4068,560,0.921829015656007
4142,570,0.89459776466368
4217,577,0.937884062573537
4294,589,0.939140010601402
4371,596,0.954323971721282
4451,605,0.969926021770269
4532,615,0.971060250783036
4614,623,0.943641927493607
4698,634,0.931118931750099
4783,642,0.90529848057347
4870,651,0.946167539674804
4958,663,0.947344711015467
5048,675,0.922112668610505
5140,685,0.897464122399073
5233,696,0.885971727111151
5328,705,0.924209689467391
5425,716,0.912617675787459
5523,730,0.889481167499124
5623,739,0.878334666416102
5725,753,0.902996737812587
5829,765,0.904004639038071
5935,779,0.881835991992189
6043,788,0.871165136155171
6153,802,0.872188845063995
6264,814,0.873023972919139
6378,831,0.885232771279799
6494,842,0.919729661550167
6612,854,0.920664332323575
6732,867,0.932929408182742
6854,881,0.956887263609257
6978,897,0.912991760424527
7105,910,0.88175740757255
7234,924,0.882684181038711
7365,937,0.893845855057344
7499,950,0.92637131106041
7635,968,0.949089905436801
7774,985,0.939323432449813
7915,999,0.98371290716167
8058,1012,0.995527760169769
8205,1028,0.974822853587942
8354,1046,1.01969768942939
8505,1060,0.998551162030651
8660,1077,1.01042067622283
8817,1097,1.01177964457103
8977,1116,1.00216958809887
9140,1133,0.992589264795154
9306,1151,1.03577659761209
9475,1174,1.0263132810214
9647,1191,0.976027903368496
9822,1211,0.997228620226446
10000,1229,0.978225937290347
10182,1251,0.959965992954345
10366,1271,0.960774816718994
10554,1288,0.97098377474414
10746,1310,0.917098964423899
10941,1329,0.909184836153156
11140,1349,0.892924110404925
11342,1370,0.919462309289611
11548,1390,0.854033885468257
11757,1409,0.895302842641748
11971,1436,0.871996681362979
12188,1457,0.896845985562228
12409,1481,0.913984136853105
12635,1508,0.939907924412977
12864,1532,0.974684724351861
13097,1557,0.967031341315738
13335,1583,0.918643637678365
13577,1606,0.94348733747102
13824,1633,0.952576934185181
14075,1659,0.953477913588098
14330,1681,0.954198574567397
14590,1708,0.947152023088257
14855,1740,0.93285235993486
15125,1766,0.933519760354464
15399,1799,0.942168147202166
15679,1830,0.92074340838064
15963,1859,0.914268536176284
16253,1889,0.915063579709486
16548,1915,0.944869135740459
16849,1944,0.909942118348526
17154,1975,0.903702711623392
17466,2007,0.877324309699417
17783,2040,0.884702392435168
18106,2074,0.885359390648376
18434,2111,0.919583130102549
18769,2141,0.933930568094935
19110,2169,0.934591096409195
19456,2205,0.949020516087396
19810,2241,0.963520950921171
20169,2281,0.978239140429418
20535,2317,1.00701081736032
20908,2352,0.97337500034267
21288,2391,0.941295123920021
21674,2433,0.955046242355942
22067,2473,0.917976228234374
22468,2512,0.924917146662066
22876,2554,0.913599040857729
23291,2596,0.914548972244114
23714,2637,0.933450879770261
24144,2688,0.990368115621435
24582,2725,0.972262099682654
25029,2763,0.960683888334839
25483,2810,0.967752285033569
25946,2855,0.974772041611787
26416,2901,1.00013382130663
26896,2951,1.0643014473975
27384,2993,1.01454371318958
27881,3042,0.99740768773609
28387,3088,0.974741199820185
28903,3146,0.95300791365163
29427,3197,0.926557181576885
29961,3243,0.938192239349703
30505,3293,0.928261441361096
31059,3345,0.983663651392239
31623,3401,0.973411917183795
32197,3454,0.936736349639336
32781,3514,0.948144335701881
33376,3574,0.928440477855541
33982,3637,0.965512183407157
34599,3695,0.955966428413352
35227,3754,0.931396158234053
35866,3810,0.91254386352678
36517,3870,0.94246141969136
37180,3938,0.914243493402641
37855,4003,0.939141185410673
38542,4059,0.94941087175744
39242,4134,0.945502165301263
39954,4199,0.913508572149809
40679,4260,0.882930299229264
41418,4334,0.901250437305387
42170,4407,0.888833079985014
42935,4487,0.898304867567515
43714,4553,0.890385494472814
44508,4626,0.930199527002705
45316,4700,0.904962247916458
46138,4772,0.940288341624052
46976,4849,0.902592459813897
47829,4930,0.924377170732302
48697,5008,0.933632719165147
49581,5093,0.93867346337354
50481,5178,0.894360836296922
51397,5256,0.894960727972336
52330,5349,0.915519003239668
53280,5435,0.948663628546984
54247,5518,0.95351535263817
55232,5612,0.970733380650284
56234,5703,0.97561979269265
57255,5806,0.972448018298946
58294,5902,0.973263833826033
59352,5998,0.982134693330319
60430,6095,1.0031567726479
61527,6189,0.995974484381631
62643,6289,0.957558829461275
63780,6395,0.943215013849097
64938,6490,0.962722652153866
66117,6602,0.941191740634708
67317,6706,1.0021009648085
68539,6816,0.943198387987821
69783,6918,0.915539427860701
71050,7036,0.937252869542593
72339,7159,0.948650813489159
73653,7273,0.956431537409311
74989,7393,0.936327515594739
76351,7512,0.947514963783378
77737,7641,0.91807699685991
79148,7756,0.915539088867352
80584,7884,0.942657357194096
82047,8025,0.960194843664892
83536,8152,0.937826776811501
85053,8282,0.958230454575278
86596,8420,0.978811441093933
88168,8553,0.976230435900842
89769,8691,1.0035349941178
91398,8839,0.964984058292447
93057,8987,0.985020791305952
94746,9134,0.950944984804746
96466,9290,0.97030223516808
98217,9432,0.952554683084303
100000,9592,0.971672466921429
101815,9749,0.987842043284012
103663,9905,0.982485332188854
105545,10071,0.930022232088977
107461,10232,0.945029924030247
109411,10401,0.920277168642663
111397,10566,0.923738478501335
113419,10745,0.905436794056078
115478,10912,0.936082871964181
117574,11094,0.915150372261475
119709,11274,0.910573252738122
121881,11463,0.877838928028943
124094,11655,0.888611789546541
126346,11851,0.859759860638587
128640,12043,0.870079586211809
130975,12242,0.887944916117744
133352,12447,0.891009873120277
135773,12649,0.916239676153173
138237,12860,0.899842577361072
140746,13075,0.917549086109621
143301,13286,0.935454028412714
145902,13498,0.931291432024663
148551,13719,0.949204990789976
151247,13955,0.949953788776333
153993,14187,0.970284485853628
156788,14418,0.953908574748804
159634,14652,0.94981250076579
162531,14889,0.929475992759559
165482,15132,0.941752514937859
168485,15373,0.940137374695376
171544,15627,0.931730223981627
174658,15889,0.959728983782259
177828,16144,0.962804717025258
181056,16418,0.977446988670962
184342,16693,0.985107592646248
187688,16979,0.981270131657026
191095,17253,0.959577671499741
194564,17536,0.949531314839873
198096,17829,0.927008518699523
201691,18116,0.972425959441689
205353,18410,0.990672791734377
209080,18724,0.991355505278683
212875,19036,0.979216293050028
216739,19340,0.954863806509672
220673,19667,0.94948419559896
224679,19994,0.956246753683975
228757,20326,0.973176596870647
232910,20670,0.953974772567041
237137,20992,0.94288818216321
241442,21339,0.93009693929757
245824,21699,0.919491790691066
250287,22065,0.935164190641897
254830,22420,0.948926558492441
259455,22794,0.94964897863809
264165,23165,0.944717739002605
268960,23558,0.950778446198939
273842,23945,0.960645493921649
278813,24345,0.928963475268701
283874,24747,0.901959681112735
289026,25142,0.956409172182417
294273,25556,0.982274886978668
299614,25967,0.973992114681804
305053,26415,0.953649356193815
310590,26847,0.947495108237534
316228,27293,0.965227958602489
321968,27765,0.919165043104691
327812,28233,0.907047661426612
333762,28702,0.887439977932623
339821,29173,0.908248591653124
345989,29655,0.902685147882325
352269,30153,0.891225851706692
358664,30652,0.89341960626384
365174,31155,0.901490106448734
371803,31651,0.932383435611321
378552,32181,0.936214210001673
385423,32717,0.961464863142951
392419,33266,0.939355159508085
399542,33823,0.94449346493996
406794,34360,0.940602287853349
414178,34926,0.926695479502912
421697,35518,0.933027383845331
429351,36099,0.940821906173745
437144,36731,0.921713976327264
445079,37353,0.933561736664155
453158,37947,0.953813274213008
461384,38564,0.944606180752425
469759,39205,0.966211809808495
478286,39872,0.932420389741966
486968,40524,0.909148436845799
495807,41221,0.934808696531455
504807,41892,0.926259166106281
513970,42590,0.91402103343182
523299,43311,0.928772053722346
532798,44039,0.968629828185854
542469,44759,0.969275192394687
552316,45500,0.947836370056544
562341,46243,0.949723202961756
572549,47020,0.946622488596918
582942,47808,0.952232628024147
593523,48616,0.985825831825102
604296,49423,0.967506086337142
615265,50247,1.01908084648585
626434,51082,1.02370456051505
637804,51933,1.01040035816544
649382,52775,1.01603777952666
661169,53661,0.999304446928777
673170,54549,0.98302968625719
685390,55463,0.948464193487082
697831,56397,0.981707216972384
710497,57340,0.988171612142859
723394,58294,0.956690049563346
736525,59274,0.955068254678015
749894,60230,0.940250421002453
763506,61241,0.907895223799383
777365,62270,0.899131691787311
791476,63320,0.901702494022301
805842,64386,0.910409802991351
820470,65453,0.910071447288314
835363,66554,0.934009704397428
850526,67661,0.9355334824753
865964,68794,0.947337957799497
881683,69955,0.949008511030815
897687,71117,0.927656521439455
913982,72293,0.91476444018766
930572,73515,0.921073109924761
947464,74728,0.918775703898426
964662,75967,0.914688816271339
982172,77223,0.906068093376957
1000000,78498,0.887749562975587
1018152,79834,0.915308702574671
1036633,81176,0.916029636394116
1055450,82508,0.922035525946536
1074608,83871,0.934368937219882
1094114,85295,0.956762731694308
1113974,86747,0.951880941625721
1134194,88195,0.947269596438871
1154782,89647,0.947747012456629
1175743,91172,0.944057668469963
1197085,92729,0.949061430491544
1218814,94264,0.955753974194983
1240938,95808,0.94104383891073
1263463,97429,0.945913420087257
1286397,99064,0.934019281232522
1309747,100709,0.955319365304688
1333521,102391,0.934518762477159
1357727,104096,0.942395945271436
1382372,105861,0.929401673932653
1407465,107627,0.936342328830375
1433013,109422,0.936163584989972
1459024,111268,0.927541656047847
1485508,113138,0.928181128154587
1512473,115064,0.93183477897287
1539927,116958,0.947545438084069
1567879,118919,0.935283790070327
1596339,120882,0.962260240697297
1625315,122906,0.978179220664988
1654817,124976,0.960687228769698
1684855,127071,0.956158336108553
1715438,129203,0.977537181016552
1746576,131351,0.985536252870257
1778279,133551,0.956812761775556
1810558,135815,0.992269202493544
1843423,138083,0.963812765810599
1876884,140429,0.95459298759789
1910953,142783,0.977705942406191
1945640,145204,0.963611504047873
1980957,147606,0.965553547253918
2016915,150121,0.95328936455727
2053525,152620,0.961261037784637
2090800,155185,0.99105939889821
2128752,157791,0.983577058315104
2167392,160446,0.963564441837945
2206734,163126,0.960247868681542
2246790,165861,0.942412604475652
2287573,168662,0.944839156304008
2329097,171477,0.932332925410539
2371374,174346,0.914184419244244
2414418,177270,0.906485134562561
2458244,180241,0.892626219043639
2502865,183270,0.897260161257912
2548297,186338,0.937078836808512
2594553,189501,0.948819843719922
2641648,192684,0.921090516568741
2689599,195930,0.935265460830446
2738420,199214,0.936898700045293
2788127,202566,0.934010513174145
2838736,206035,0.94065182091993
2890264,209466,0.939586207017617
2942727,212970,0.898173514568817
2996143,216548,0.889381693425204
3050528,220171,0.898631148116124
3105900,223888,0.911165486489426
3162278,227647,0.945816826690707
3219678,231549,0.945357914087347
3278121,235472,0.929756931224916
3337625,239395,0.924742532222334
3398208,243430,0.941097786699796
3459892,247549,0.936020258187458
3522695,251637,0.946630713064324
3586638,255835,0.921303591189617
3651741,260166,0.940968868636236
3718027,264586,0.948415336523005
3785515,269037,0.930950066158047
3854229,273593,0.947855884623803
3924190,278195,0.938867437508959
3995421,282851,0.948949932363311
4067944,287649,0.97642260255225
4141785,292469,0.980711262504946
4216965,297434,0.966597536731465
4293510,302406,0.970847121206756
4371445,307472,0.97991530651252
4450794,312719,0.975397565002239
4531584,317985,0.981500900590782
4613840,323362,0.965228884045429
4697589,328818,0.982902657309538
4782858,334343,0.983055473339977
4869675,339985,0.977435100090024
4958068,345773,0.974516288220423
5048066,351600,0.948820071039295
5139697,357538,0.959616209933973
5232991,363554,0.950057898805856
5327979,369707,0.900345018057605
5424691,375946,0.919295859906502
5523158,382263,0.931275931339909
5623413,388683,0.922411587372085
5725488,395255,0.94736618648769
5829415,401875,0.939256196686263
5935229,408733,0.938234991423702
6042964,415611,0.93807574746607
6152654,422624,0.932987355443488
6264335,429751,0.949812074183965
6378044,437017,0.948907756389592
6493816,444359,0.9405399822433
6611690,451916,0.931853036206726
6731704,459542,0.955714093216579
6853896,467311,0.96689090150482
6978306,475273,0.969674246282517
7104974,483360,0.974242126183755
7233942,491462,0.953924081587053
7365250,499769,0.937345486894015
7498942,508193,0.909447231387752
7635061,516796,0.923000396195785
7773650,525520,0.945777367470395
7914755,534434,0.92235262550048
8058422,543449,0.927740663150578
8204696,552607,0.915381301032796
8353625,561992,0.92007358570863
8505258,571452,0.909812802434252
8659643,581194,0.909736852427343
8816831,591049,0.936797319716592
8976871,601015,0.934151583166287
9139817,611150,0.923129249509029
9305720,621541,0.921570591470241
9474635,632013,0.923374269480238
9646616,642742,0.944125965311533
9821719,653633,0.931674535537696
10000000,664579,0.945909275286229
10181517,675856,0.952572875114098
10366329,687277,0.922413620181656
10554496,698973,0.904931438775497
10746078,710860,0.920313526707635
10941138,722890,0.912984646225617
11139739,735119,0.897961959108833
11341944,747562,0.919899825229116
11547820,760259,0.941672881634545
11757433,773158,0.967690914302411
11970850,786277,0.990133878635209
12188142,799574,0.97128702180116
12409378,813176,1.00918388786822
12634629,826954,0.985984473486601
12863969,841020,1.00376946586461
13097473,855125,0.979751502016425
13335214,869641,0.984579713937741
13577271,884316,0.98545278293712
13823722,899375,0.979909609482007
14074647,914607,0.962241326860067
14330126,930121,0.977167387116335
14590242,945949,0.964924821893789
14855080,961999,0.967016269432336
15124725,978239,0.970546474348778
15399265,994793,0.927897641784798
15678788,1011735,0.898722725241556
15963385,1028912,0.931705357149931
16253148,1046336,0.927180572823443
16548171,1064053,0.95209232291988
16848549,1082173,0.938218406153231
17154379,1100583,0.932856857382021
17465760,1119278,0.924715405505147
17782794,1138288,0.938961087791337
18105582,1157615,0.930847707723051
18434230,1177257,0.940149271102703
18768843,1197269,0.923771806058047
19109530,1217534,0.948586781372789
19456401,1238277,0.953225149672259
19809568,1259259,0.936679841515622
20169146,1280675,0.938477968646534
20535250,1302354,0.935003511029843
20908000,1324509,0.929551549519203
21287517,1347005,0.92639020107501
21673922,1369877,0.931005196943384
22067341,1393273,0.946794108943137
22467901,1416747,0.922732358538317
22875732,1440884,0.931586324091868
23290966,1465398,0.941409702197669
23713737,1490302,0.937603299798396
24144182,1515579,0.90509010600962
24582441,1541434,0.9232532070495
25028654,1567644,0.921862795744538
25482967,1594195,0.921110609861902
25945527,1621337,0.923081322323608
26416483,1648930,0.929516144108216
26895988,1676958,0.948943045860964
27384196,1705456,0.935315023113379
27881267,1734488,0.935095765324098
28387360,1764023,0.933335395471779
28902639,1794013,0.947527020790719
29427272,1824482,0.959117446486804
29961427,1855591,0.95272728640186
30505279,1887224,0.958575059014292
31059002,1919359,0.966910049554013
31622777,1951958,0.968947527554518
32196784,1985179,0.959011502858209
32781212,2019000,0.931072149698548
33376247,2053422,0.938737642434826
33982083,2088342,0.94503139110981
34598917,2123725,0.934439313485656
35226947,2159808,0.934758143833317
35866376,2196599,0.946147489250956
36517413,2234034,0.944215094085955
37180267,2272062,0.971507270998499
37855152,2310724,0.956228280870058
38542289,2350143,0.968476146280669
39241898,2390256,0.96914207141188
39954206,2431043,0.963665924268347
40679443,2472423,0.969636845950752
41417845,2514546,0.968503982917102
42169650,2557301,0.968607807189594
42935102,2600854,0.945808120751387
43714448,2645131,0.957985055925323
44507941,2690184,0.969675946175044
45315836,2736185,0.947962219873961
46138397,2782854,0.923665449241773
46975888,2830305,0.939800900261382
47828581,2878472,0.963049232103644
48696753,2927435,0.985314550225118
49580682,2977441,0.9777200464282
50480657,3028199,0.972711645326916
51396968,3079872,0.974413363668039
52329911,3132349,0.948840236122701
53279789,3185800,0.938014346919009
54246909,3239988,0.941765317255673
55231584,3295251,0.948953327142617
56234133,3351550,0.947697339275971
57254879,3408741,0.910812418904371
58294153,3466822,0.918959780569317
59352293,3525947,0.900842213946478
60429639,3586147,0.914191649883891
61526541,3647271,0.911644826726907
62643354,3709417,0.898106644885668
63780438,3772774,0.895299204767281
64938163,3837111,0.919860504171489
66116903,3902653,0.922679048310451
67317038,3969411,0.913034951380332
68538958,4037147,0.923732055055975
69783058,4106144,0.938463789978156
71049741,4176090,0.924707389681897
72339416,4247595,0.914244530910582
73652501,4320048,0.92284580300875
74989421,4393729,0.932445567177433
76350608,4468818,0.933883612655142
77736503,4545054,0.945565519006545
79147554,4622607,0.944198106134359
80584219,4701511,0.939583647168667
82046961,4782035,0.947911095422036
83536255,4863574,0.943671990753037
85052582,4946532,0.963672152103918
86596432,5031122,0.963951227885805
88168307,5117074,0.978062058272184
89768713,5204364,0.983512338047586
91398170,5293442,0.964935324341449
93057204,5383761,0.97025771229099
94746353,5475797,0.961359791149142
96466162,5569481,0.969143275708076
98217189,5664717,0.966861510227389
100000000,5761455,0.960934683899307
101815172,5859909,0.948688027115966
103663293,5960167,0.941900687101777
105544960,6062173,0.94014203463637
107460783,6165863,0.936770786574637
109411381,6271407,0.939716158152646
111397386,6378633,0.945547150110997
113419440,6487719,0.961946176685897
115478198,6598379,0.955532697943601
117574327,6711311,0.934720570355458
119708503,6825909,0.950173174752656
121881418,6942650,0.932346866416745
124093776,7061479,0.948136502119013
126346292,7182407,0.937134453852694
128639694,7305294,0.949013235161609
130974726,7430347,0.956114849702392
133352143,7557402,0.973485696917975
135772714,7686652,0.979363533983725
138237223,7818096,0.954199360681578
140746466,7951939,0.971207176629848
143301257,8088149,0.961464032489662
145902422,8226558,0.977639017918138
148550802,8367469,0.975447507984239
151247255,8510573,0.955405546156299
153992653,8656169,0.945064483089004
156787884,8804437,0.950184208360201
159633854,8954979,0.934561738987511
162531484,9108322,0.926536620344573
165481710,9264321,0.934327165809444
168485488,9423047,0.91005557415847
171543790,9584701,0.908185324565058
174657605,9748739,0.916523168879997
177827941,9915892,0.908371512248465
181055824,10085759,0.92398634214585
184342299,10258247,0.928324828310042
187688429,10434160,0.927623361299027
191095297,10612813,0.923907906889335
194564006,10794601,0.917180565019322
198095678,10979233,0.910992966225532
201691455,11167409,0.923212705612443
205352503,11358851,0.929657728765028
209080004,11553411,0.908616945314915
212875166,11751383,0.933732175736136
216739217,11952850,0.968317318529369
220673407,12157539,0.954471982790916
224679009,12366203,0.945996712160136
228757320,12578039,0.943544934470546
232909659,12793758,0.94065477700818
237137371,13013016,0.944776687554722
241441822,13236395,0.945964274695232
245824407,13463333,0.939574447068717
250286543,13694099,0.920833107911779
254829675,13928952,0.912273359004223
259455272,14167859,0.938492185370157
264164832,14410707,0.967504929852581
268959879,14657951,0.983371753062118
273841963,14909066,0.974858500117539
278812667,15164962,0.967053335570812
283873596,15425212,0.956348291101275
289026391,15689623,0.973394015758583
294272718,15958882,0.968886373333673
299614274,16232516,0.952005601635359
305052789,16511151,0.979567246188391
310590022,16794596,0.969285379483496
316227766,17082666,0.973616059619881
321967844,17375584,0.965802308624389
327812115,17673880,0.952300316448946
333762469,17977029,0.96939723970227
339820833,18285514,0.965503772326481
345989166,18599630,0.964312962011838
352269465,18918663,0.945965786316301
358663762,19243474,0.935841253627929
365174127,19573706,0.953689380700852
371802666,19909615,0.937316786264243
378551525,20252081,0.939736155411011
385422887,20599825,0.924596840053696
392418976,20953499,0.940347665498365
399542056,21313039,0.946171801581047
406794432,21679101,0.957996966436035
414178451,22051445,0.953220304320962
421696503,22429967,0.955361442662169
429351021,22815364,0.93786581281758
437144481,23207085,0.919311473642091
445079406,23605969,0.941397943773069
453158364,24011476,0.942506295243475
461383968,24423925,0.939389272203971
469758882,24843673,0.921376081021576
478285814,25270547,0.920805860419748
486967525,25704825,0.912152500838633
495806824,26146449,0.909240173625711
504806572,26595315,0.896415875803877
513969680,27051960,0.938976657656303
523299115,27517001,0.936591976376086
532797895,27989935,0.935544406362657
542469094,28471085,0.946010162585787
552315842,28960675,0.944111387557477
562341325,29458442,0.94777025993047
572548788,29964746,0.947598622604198
582941535,30480007,0.959031080218056
593522927,31003999,0.956874185286007
604296390,31537695,0.953960654967712
615265410,32079823,0.951851281689533
626433537,32630933,0.925062739319568
637804384,33192247,0.933214329021648
649381632,33762943,0.941686255728534
661169026,34343829,0.924240445468411
673170382,34934453,0.923563926847984
685389584,35534830,0.94204393009813
697830585,36146432,0.930059766266504
710497411,36768262,0.937698166088553
723394163,37400722,0.942872351514563
736525012,38043637,0.928437076409876
749894209,38697994,0.91257225733455
763506080,39363763,0.936943590029325
777365030,40040790,0.94795356811713
791475544,40730343,0.956992747696566
805842188,41431301,0.956417267202309
820469611,42144351,0.949780789412361
835362547,42869628,0.968124638330814
850525815,43607446,0.954005339419588
865964323,44357695,0.946328959284278
881683067,45120921,0.948547017321044
897687132,45897155,0.947175012489176
913981699,46687655,0.969917564225557
930572041,47491184,0.97160593467938
947463526,48308785,0.982252934608696
964661620,49140880,0.988920278706276
982171889,49986380,0.984944051634359
1000000000,50847534,0.980904162446105
1018151722,51723345,0.975200781161874
1036632928,52613792,0.966853233178293
1055449601,53519735,0.968022049791067
1074607828,54441688,0.942222500713132
1094113811,55379640,0.948206692114213
1113973860,56333602,0.928606521894535
1134194404,57303167,0.937706410486196
1154781985,58289769,0.937787064049354
1175743266,59294236,0.924958575068452
1197085030,60315068,0.914243777209494
1218814185,61354166,0.92179195006861
1240937761,62410740,0.938599061472066
1263462918,63486255,0.946161240704439
1286396945,64580342,0.939600222647711
1309747264,65693203,0.922711858517974
1333521432,66824841,0.939744751128707
1357727142,67977131,0.927705687564558
1382372227,69148179,0.924515749581583
1407464663,70339539,0.909886194615202
1433012570,71552016,0.921597562400945
1459024216,72785090,0.91706503106673
1485508017,74039773,0.927285211738776
1512472545,75316364,0.937985611905096
1539926526,76614902,0.940431238453783
1567878844,77935411,0.960129488068659
1596338544,79279110,0.952294653354842
1625314837,80645622,0.930019188315649
1654817100,82035799,0.934739651153736
1684854879,83450352,0.9380570630242
1715437896,84889489,0.943261164732925
1746576048,86353206,0.948434881347564
1778279410,87842213,0.953727497637271
1810558243,89357744,0.942535578135777
1843422992,90898436,0.938501803912724
1876884294,92465613,0.946573231314496
1910952975,94060365,0.941403778537101
1945640062,95682322,0.939826140234569
1980956779,97333317,0.925613138797645
2016914555,99013082,0.932867112526201
2053525026,100720648,0.944959498276184
2090800041,102458060,0.960224105500481
2128751662,104225934,0.961045222045985
2167392170,106023915,0.945403741081847
2206734069,107852793,0.958761914609008
2246790092,109713981,0.944899208581579
2287573200,111608195,0.95218924289718
2329096592,113533909,0.949903817689867
2371373706,115492859,0.954496321860234
2414418221,117485506,0.961945540697406
2458244069,119513357,0.957019803545389
2502865431,121575461,0.956039075933378
2548296748,123674859,0.952355295975732
2594552721,125810759,0.944837069231582
2641648320,127981849,0.9590421872704
2689598786,130191163,0.943435660484542
2738419634,132438178,0.946765647323088
2788126665,134724568,0.954139785272012
2838735965,137050750,0.950115953066686
2890263910,139417375,0.956328588107024
2942727176,141824696,0.955789271445445
2996142741,144273358,0.967551319772961
3050527890,146763860,0.95764222655173
3105900224,149298009,0.950353345049435
3162277660,151876932,0.954987360725666
3219678444,154499924,0.9540086197986
3278121151,157167671,0.967633901728099
3337624694,159882838,0.949224609074073
3398208329,162643573,0.960296582347021
3459891661,165453326,0.927084222883016
3522694651,168312345,0.93563756026028
3586637624,171220186,0.94090088735056
3651741273,174178694,0.928512090642869
3718026664,177187539,0.921939432245858
3785515249,180249673,0.933176471111779
3854228869,183363516,0.92824107244536
3924189758,186531169,0.932281630779101
3995420559,189754312,0.9376023353391
4067944321,193033439,0.936929368668829
4141784514,196368942,0.94274974182086
4216965034,199762210,0.927665713090767
4293510210,203214731,0.943468555862952
4371444813,206727637,0.950174260208413
4450794062,210300024,0.946193210269102
4531583638,213935006,0.930760331097935
4613839683,217633136,0.922740789013307
4697588817,221395819,0.922495327846836
4782858142,225222660,0.903978273098652
4869675252,229115570,0.922945586607005
4958068242,233077131,0.923450693984337
5048065717,237106511,0.931396914413767
5139696801,241205986,0.944618540705162
5232991147,245376886,0.930307066030782
5327978946,249619707,0.919274702716408
5424690937,253935811,0.916160973957534
5523158417,258326874,0.91803009064615
5623413252,262795354,0.939249040658706
5725487884,267340783,0.952799129136739
5829415347,271963731,0.949519263545733
5935229272,276667469,0.944020899500708
6042963902,281452603,0.964697338509722
6152654101,286321974,0.958299363419749
6264335367,291274739,0.982017384185017
6378043839,296313309,0.99327753068424
6493816316,301437524,0.981520590856066
6611690262,306654300,0.981972599928463
6731703824,311959807,0.974929691423793
6853895839,317356750,0.948116454963133
6978305849,322846792,0.969620344512214
7104974114,328434318,0.967854303758704
7233941627,334115759,0.949180488529599
7365250123,339897878,0.966595273393085
7498942093,345780330,0.941783102467496
7635060803,351762697,0.934877111779776
7773650302,357849827,0.92357764062835
7914755439,364044118,0.934432845911008
8058421878,370345401,0.944789340502864
8204696109,376755735,0.937470225626618
8353625470,383278145,0.939336793425611
8505258154,389912546,0.95755027467716
8659643234,396662434,0.937945903113692
8816830668,403528309,0.936670616213169
8976871324,410513954,0.947511041842171
9139816995,417621524,0.943869402210997
9305720409,424852288,0.944279222938862
9474635257,432208151,0.951400362116388
9646616199,439691664,0.936230660562761
9821718892,447306601,0.929263104173518
10000000000,455052511,0.933951583457869
10181517217,462931984,0.950188378948556
10366329284,470948207,0.96150845034931
10554496009,479101465,0.961127157919047
10746078283,487400504,0.95185122839747
10941138106,495842905,0.943228090540123
11139738600,504430840,0.940321787112281
11341944035,513166719,0.939847863111149
11547819847,522056150,0.938183093044982
11757432659,531100738,0.931253118506875
11970850305,540299656,0.92132054581468
12188141848,549660192,0.93687871830174
12409377608,559182306,0.933013378077704
12634629177,568871253,0.934011608604924
12863969449,578727386,0.942124085852475
13097472643,588754816,0.937363301413767
13335214322,598955995,0.937125689459873
13577271421,609334065,0.929409147688012
13823722274,619893636,0.933533027842056
14074646633,630634164,0.924768731606129
14330125702,641563827,0.928184533038275
14590242156,652682229,0.947353172570252
14855080172,663995290,0.939194349265281
15124725453,675503173,0.944402304898966
15399265261,687211768,0.938103239467078
15678788438,699124581,0.9457817331361
15963385443,711241650,0.93947361986399
16253148373,723570519,0.934789733688375
16548170999,736112674,0.915346914287027
16848548794,748874963,0.929406560628195
17154378963,761857230,0.961279836108923
17465760477,775064354,0.959732824379449
17782794100,788502185,0.954781559706015
18105582430,802173735,0.970293825225859
18434229924,816081105,0.979169492293999
18768842936,830230952,0.999736645532174
19109529750,844627673,0.978738684401457
19456400616,859276488,0.973645797798609
19809567786,874176143,0.958199471890069
20169145547,889336344,0.96454089332134
20535250265,904761351,0.941294964341899
20908000413,920453517,0.954541745935056
21287516618,936419626,0.954109973199938
21673921696,952662180,0.950120256443787
22067340691,969186282,0.952987941639698
22467900918,985996589,0.956910089802274
22875732003,1003101808,0.955545610459216
23290965925,1020500705,0.949199524334876
23713737057,1038206698,0.956392538567339
24144182213,1056219356,0.963650499484156
24582440689,1074541418,0.949072287349757
25028654312,1093184350,0.958217513046257
25482967480,1112150187,0.963989012339614
25945527214,1131446170,0.936789371406598
26416483204,1151080594,0.941114278182125
26895987856,1171054280,0.934530539950967
27384196343,1191376326,0.937680507339972
27881266654,1212051148,0.93688919049625
28387359648,1233084381,0.940788652885521
28902639100,1254486049,0.944391988345551
29427271762,1276256814,0.927411033417696
29961427410,1298407671,0.926465362280926
30505278903,1320943514,0.948098649756627
31059002236,1343873070,0.933404194271788
31622776602,1367199811,0.926310233437908
32196784443,1390932668,0.931663663557252
32781211514,1415079596,0.92876893690614
33376246943,1439645011,0.929568020541289
33982083289,1464635962,0.939009068273585
34598916609,1490065019,0.924392479982215
35226946515,1515935673,0.936057215823939
35866376245,1542257463,0.934697112167897
36517412725,1569036591,0.943262833970266
37180266639,1596280196,0.928491908007527
37855152493,1623998889,0.921347349952526
38542288686,1652200262,0.927994797146834
39241897585,1680888529,0.919511411984326
39954205589,1710079102,0.937426192292434
40679443211,1739777688,0.950474911085104
41417845144,1769990789,0.942897395425171
42169650343,1800734954,0.941881186404875
42935102101,1832009510,0.958519737891876
43714448126,1863828497,0.953459261693304
44507940624,1896203992,0.9528741673059
45315836376,1929143216,0.961892248598599
46138396827,1962652710,0.947382655350051
46975888167,1996748211,0.957178886397637
47828581417,2031432849,0.970855119165621
48696752517,2066722928,0.976473792074601
49580682417,2102631122,0.950672441243417
50480657167,2139159931,0.928256060275596
51396968008,2176329030,0.931645953560266
52329911468,2214142121,0.923193517674841
53279789459,2252619387,0.927526547009017
54246909370,2291759777,0.942902909112129
55231584173,2331584863,0.952408777070927
56234132519,2372102733,0.949376113949625
57254878844,2413325521,0.951804878884929
58294153471,2455264226,0.951137839406667
59352292723,2497934188,0.944500275815775
60429639024,2541348533,0.952411617443075
61526541015,2585516373,0.943441677393907
62643353666,2630453766,0.950821539639103
63780438389,2676177330,0.96042747801406
64938163158,2722692862,0.963098823620389
66116902624,2770019761,0.963877248186218
67317038241,2818170958,0.960494759795417
68538958387,2867163205,0.960714372430884
69783058486,2917012020,0.968728924267406
71049741144,2967722738,0.956240594168284
72339416274,3019317789,0.963520595121709
73652501227,3071812102,0.961543542131705
74989420933,3125219581,0.967776492829757
76350608034,3179560821,0.953762685138171
77736503024,3234849607,0.953377305575722
79147554394,3291099942,0.939238409546371
80584218776,3348326707,0.94455531870571
82046961090,3406550286,0.943981455058138
83536254696,3465796056,0.936934265304232
85052581544,3526068270,0.930802418100358
86596432336,3587388702,0.91727817906363
88168306678,3649779522,0.931811799309886
89768713245,3713261384,0.938703201059565
91398169947,3777845513,0.919458114989121
93057204093,3843556570,0.917062077220705
94746352566,3910414062,0.916061992225571
96466161991,3978434336,0.912849123536379
98217188919,4047644315,0.925429660806704
100000000000,4118054813,0.9419817410673
101815172172,4189699199,0.942635150997217
103663292844,4262583158,0.936965411519069
105544960088,4336739964,0.938405390033442
107460782832,4412185595,0.923969014644321
109411381058,4488950675,0.930515043920164
111397385999,4567056321,0.928062040763884
113419440350,4646523761,0.931508039544715
115478198469,4727380065,0.92891281785759
117574326592,4809642519,0.940494197848381
119708503050,4893334975,0.938365677305088
121881418484,4978490229,0.950847216658808
124093776075,5065132590,0.937903855028705
126346291765,5153279251,0.946707442876945
128639694494,5242965456,0.959744780821188
130974726430,5334221546,0.968760428229512
133352143216,5427061644,0.973809955024058
135772714211,5521517139,0.969162915115856
138237222736,5617622039,0.966175482287152
140746466334,5715406787,0.965836890141118
143301257024,5814895333,0.958004435122048
145902421563,5916121284,0.963110509778231
148550801717,6019116247,0.953083919728492
151247254531,6123895409,0.948049303735233
153992652606,6230500473,0.948437608177597
156787884383,6338978778,0.941033572359812
159633854429,6449341433,0.947567682828932
162531483731,6561627631,0.954885717020133
165481709994,6675871074,0.935693839261557
168485487944,6792114390,0.940736028028002
171543789634,6910384379,0.946923651374776
174657604766,7030714746,0.952850557032873
177827941004,7153145913,0.945163198833965
181055824303,7277708393,0.941337782440189
184342299241,7404447385,0.931673719768479
187688429358,7533397676,0.946091865354522
191095297497,7664591629,0.940734808588693
194564006159,7798085099,0.967168358826844
198095677855,7933903495,0.979963798607026
201691455473,8072099030,0.976974866552205
205352502646,8212690221,0.953809002291441
209080004128,8355743143,0.959918879527418
212875166180,8501287633,0.950634438159563
216739216957,8649380621,0.949598657513194
220673406908,8800049006,0.954127485545497
224679009181,8953349037,0.940313045496272
228757320032,9109331029,0.942558985051119
232909659246,9268018187,0.921565165419288
237137370566,9429495614,0.935669164591779
241441822126,9593788175,0.929340327182947
245824406892,9760934933,0.924878843012341
250286543117,9930997770,0.925505827139017
254829674798,10104042870,0.94242856037995
259455272140,10280096614,0.93137724698908
264164832039,10459232726,0.933580791210829
268959878558,10641488022,0.937900284171119
273841963426,10826932875,0.927805301329511
278812666541,11015610302,0.94673903459853
283873596476,11207584247,0.944389655214142
289026391002,11402903099,0.948711540673408
294272717621,11601636073,0.932161321503086
299614274100,11803842908,0.941250442671777
305052789027,12009576644,0.93482745972562
310590022362,12218900001,0.927256415679642
316227766017,12431880460,0.931782805340294
321967844425,12648585059,0.916473213208746
327812115139,12869068728,0.922847745646607
333762469429,13093405847,0.940534426276001
339820832894,13321649629,0.943142858765045
345989166087,13553879942,0.946208977960552
352269465147,13790179868,0.940341259941005
358663762448,14030585183,0.940187126453314
365174127255,14275201419,0.932053095480685
371802666391,14524094027,0.923827874512173
378551524926,14777321376,0.933289603096424
385422886862,15034975430,0.937849680079594
392418975848,15297132108,0.952627097846302
399542055895,15563864415,0.94974448216347
406794432108,15835265555,0.952699095011691
414178451436,16111399082,0.953675377176526
421696503429,16392359455,0.955351063966817
429351021008,16678220629,0.95546056290305
437144481261,16969091486,0.957460849129322
445079406236,17265030810,0.965181328994432
453158363760,17566142565,0.963358798671256
461383968273,17872512912,0.959788183898271
469758881671,18184232275,0.961209813469871
478285814165,18501396101,0.973134397439274
486967525166,18824104270,0.974113994402136
495806824168,19152458269,0.967534330606431
504806571667,19486539945,0.950168984466212
513969680077,19826463641,0.955016739812248
523299114681,20172320893,0.960386163585891
532797894587,20524237520,0.966498709139158
542469093701,20882294442,0.953320104745372
552315841731,21246600833,0.949081955170262
562341325190,21617284223,0.933933790393816
572548788436,21994427870,0.947437426431556
582941534714,22378185106,0.940434593316875
593522927230,22768623233,0.93879740966879
604296390238,23165900690,0.94725893833311
615265410149,23570114414,0.936878675241236
626433536657,23981392281,0.935157159220243
637804383889,24399867839,0.925476821172866
649381631576,24825654063,0.933965986790134
661169026241,25258876715,0.934813366232528
673170382414,25699679393,0.937593698790582
685389583865,26148181017,0.93484823597301
697830584860,26604529301,0.932139461387444
710497411443,27068848990,0.928792873845275
723394162737,27541285899,0.924613204707076
736525012271,28021987280,0.930629635285184
749894209332,28511099520,0.937279420995951
763506080338,29008749369,0.934274589934986
777365030239,29515104927,0.929514675965423
791475543941,30030302620,0.943324864710249
805842187761,30554512082,0.940642487064395
820469610902,31087901529,0.944517597668644
835362546958,31630594347,0.945165395843633
850525815444,32182787786,0.95322156965988
865964323360,32744633043,0.958233940711477
881683066776,33316304717,0.943273483501615
897687132447,33897959016,0.947219540758744
913981699465,34489798356,0.948152980058044
930572040930,35091989114,0.944064659397773
947463525655,35704717918,0.938873940896558
964661619911,36328147671,0.927410120499017
982171889188,36962478878,0.919526062675629
1000000000000,37607912018,0.921196388130219
1018151721718,38264624845,0.936534695204253
1036632928438,38932816263,0.937537873949509
1055449600879,39612713211,0.935032335697383
1074607828321,40304505632,0.945481009967202
1094113810577,41008386852,0.949493681642525
1113973859995,41724576462,0.954537339522977
1134194403503,42453293474,0.943033418599044
1154781984689,43194775497,0.938357711342704
1175743265921,43949219661,0.941925890554318
1197085030496,44716839189,0.943610898908025
1218814184842,45497913655,0.954161536616303
1240937760752,46292637552,0.95363412243199
1263462917654,47101274782,0.949179623890436
1286396944937,47924047772,0.949707072169698
1309747264301,48761206627,0.957765406177881
1333521432163,49613024665,0.969744708441197
1357727142105,50479739014,0.967166506425567
1382372227358,51361655053,0.961382212639472
1407464663340,52258957555,0.965522817000324
1433012570237,53171983687,0.980525871950242
1459024215631,54100978082,0.966128138915124
1485508017173,55046218317,0.973587637727173
1512472545311,56008012794,0.972287974031789
1539926526059,56986627065,0.964314000512498
1567878843827,57982381878,0.964390445209599
1596338544288,58995534746,0.963841041365927
1625314837312,60026424984,0.950963424474429
1654817099943,61075361433,0.939584543967674
1684854879436,62142664981,0.939159309915725
1715437896343,63228646315,0.940605030516218
1746576047662,64333621303,0.925485318580166
1778279410039,65457955727,0.922282649920802
1810558243027,66601977870,0.925911987012568
1843422992409,67766011251,0.926131936424781
1876884293576,68950409539,0.931343149532047
1910952974970,70155526587,0.947630173094167
1945640061589,71381753591,0.948908282002135
1980956778550,72629439006,0.944843386274378
2016914554730,73898997329,0.936684517427603
2053525026457,75190756452,0.93269044898704
2090800041279,76505126608,0.941957853507417
2128751661796,77842490672,0.929457863808707
2167392169568,79203278539,0.935482500687801
2206734069085,80587879961,0.922812215279553
2246790091813,81996742035,0.936062883102756
2287573200318,83430268707,0.935764817560756
2329096592461,84888874992,0.935519641598068
2371373705662,86373037724,0.931830957274336
2414418221257,87883203704,0.942871678274303
2458244068920,89419790629,0.945391852371212
2502865431175,90983285584,0.936622067881164
2548296747979,92574169640,0.922596013103964
2594552721404,94192888452,0.926030093877421
2641648320386,95839956923,0.93307230678496
2689598785575,97515889061,0.927391869730443
2738419634264,99221149545,0.939461677437169
2788126665413,100956296512,0.951650808964696
2838735964759,102721798407,0.956083466594061
2890263910022,104518244359,0.939046984789893
2942727176209,106346139585,0.935184771209078
2996142741004,108206044907,0.947825812961851
3050527890267,110098530314,0.954393909457972
3105900223625,112024183136,0.966148047322878
3162277660168,113983535775,0.959746300863128
3219678444251,115977229036,0.97286907024875
3278121151393,118005832119,0.967796984640533
3337624694292,120069972084,0.947998117571863
3398208328943,122170254785,0.947219914890645
3459891660870,124307345476,0.950942720880426
3522694651473,126481875235,0.938530735291359
3586637624485,128694493409,0.941756449989068
3651741272548,130945853288,0.944848538882141
3718026663914,133236650804,0.953628924384243
3785515249259,135567584393,0.951461672687863
3854228868623,137939396910,0.965532408276982
3924189758485,140352742834,0.948119483395087
3995420558950,142808389869,0.957016449392609
4067944321083,145307004791,0.938642249769258
4141784514364,147849442325,0.94249291130543
4216965034286,150436402135,0.954440355129567
4293510210083,153068718113,0.949953526300555
4371444812611,155747149018,0.933319006210437
4450794062356,158472541052,0.95140001590315
4531583637601,161245632034,0.962622385379786
4613839682733,164067332973,0.961320186818857
4697588816706,166938515010,0.9493755264358
4782858141654,169859972756,0.950253416504922
4869675251659,172832654392,0.942940273626326
4958068241685,175857418195,0.940471126795113
5048065716667,178935200073,0.941985320519463
5139696800772,182066929270,0.947947329256762
5232991146815,185253536112,0.942463956048974
5327978945866,188495991821,0.942001649284661
5424690937011,191795233860,0.93322316308969
5523158417307,195152365228,0.943106106067304
5623413251903,198568288816,0.931335959316436
5725487884358,202044138213,0.937402867176313
5829415347136,205580875890,0.946922422170635
5935229272297,209179642830,0.947855615231043
6042963902381,212841447205,0.946087524018073
6152654101490,216567491270,0.946834514596599
6264335366569,220358835593,0.946888448332554
6378043838892,224216626051,0.938631871363192
6493816315762,228142093848,0.945386701567768
6611690262415,232136360035,0.930797831278806
6731703824145,236200642525,0.933837363075548
6853895838650,240336155554,0.930155327703507
6978305848599,244544161702,0.926288569937029
7104974114427,248826006170,0.923824717365911
7233941627367,253182915628,0.919062845398084
7365250122712,257616141249,0.924794520542576
7498942093325,262127157562,0.917985122177576
7635060803383,266717249830,0.932767214306349
7773650302388,271387870707,0.926374000704289
7914755439411,276140381729,0.927647616954141
8058421877615,280976205833,0.938015161262263
8204696109025,285896812700,0.94139108785909
8353625469578,290903712248,0.94520086815888
8505258154440,295998429508,0.93920519014754
8659643233601,301182484452,0.957150017522393
8816830667756,306457457933,0.960397672302499
8976871324473,311824932623,0.961205986974448
9139816994655,317286549079,0.984145779492466
9305720409297,322843975350,0.981429960337943
9474635256554,328498856640,0.984546415669116
9646616199112,334252885762,0.966126288554762
9821718891880,340107843269,0.95182338288606
10000000000000,346065536839,0.942998054158605
10181517217182,352127640224,0.95646182157494
10366329284377,358296160860,0.95270319480339
10554496008786,364572853213,0.959920705718798
10746078283213,370959666365,0.954784141913007
10941138105772,377458514975,0.959288256121519
11139738599948,384071370705,0.949160556399736
11341944035028,390800251173,0.949776634766424
11547819846895,397647119429,0.948477342348554
11757432659207,404614130781,0.946082774449485
11970850304957,411703313972,0.938059561987949
12188141848423,418916961004,0.939136350011914
12409377607517,426257057172,0.948245617960655
12634629176545,433725947596,0.943048997963749
12863969449370,441325905516,0.936131940679568
13097472643006,449059243413,0.944469587649387
13335214321633,456928188674,0.953282675806455
13577271421052,464935316623,0.953385860832955
13823722273579,473082840010,0.943877202124673
14074646633398,481373323907,0.937236321627982
14330125702370,489809304409,0.933688879279688
14590242156306,498393354478,0.937668888899684
14855080171728,507128046063,0.941327071351274
15124725453106,516015946270,0.935560886684203
15399265260595,525059867820,0.94307004618941
15678788438270,534262451520,0.940236129839526
15963385442879,543626497875,0.937992234820292
16253148373119,553154942409,0.942450915057347
16548170999432,562850642510,0.94774212195019
16848548794358,572716457400,0.954415666959643
17154378963429,582755397862,0.945566432917516
17465760476621,592970557398,0.933874607523625
17782794100389,603365029986,0.929619583878435
18105582430271,613941940611,0.934612292088838
18434229924091,624704469441,0.931342796484657
18768842935762,635655856081,0.935768006693019
19109529749704,646799555641,0.931886322080673
19456400615886,658138798145,0.923220165399359
19809567785503,669677103524,0.928985727707896
20169145547303,681417918342,0.938257496239592
20535250264571,693364935561,0.945401526132891
20908000412787,705521604347,0.947840725904759
21287516617964,717891693494,0.950049036891463
21673921695684,730478942747,0.939054257179208
22067340690846,743287088342,0.934208225336415
22467900918126,756320144191,0.936616673076268
22875732003184,769582041963,0.9507043229618
23290965924605,783076746274,0.947386576880536
23713737056617,796808377212,0.942075737679801
24144182212566,810781082389,0.940506464954402
24582440689202,824999197473,0.936513184763011
25028654311746,839466876497,0.943632378328999
25482967479793,854188591124,0.926171662999855
25945527214040,869168849342,0.939549162689455
26416483203861,884412018553,0.95166047510201
26895987855750,899922952386,0.953798026424762
27384196342644,915706247570,0.950841235046761
27881266654131,931766644554,0.9665433992528
28387359647588,948109109075,0.96214673638507
28902639100225,964738535395,0.953909230916833
29427271762093,981660048146,0.953396007667751
29961427410044,998878669819,0.952878186107356
30505278902670,1016399717908,0.946476033013051
31059002236247,1034228365446,0.947664583427957
31622776601684,1052370166553,0.953142020440394
32196784442514,1070830671240,0.952530156428602
32781211513935,1089615330911,0.944130156224296
33376246942920,1108729905287,0.955680148930683
33982083289426,1128180200987,0.953159869074568
34598916608699,1147972138480,0.957145478906276
35226946514731,1168111671106,0.956114140793164
35866376244848,1188604963918,0.966376783409693
36517412725484,1209458299907,0.958160767088451
37180266639145,1230677945107,0.961090052286135
37855152492586,1252270287433,0.943365567805548
38542288686231,1274241854669,0.944250702250242
39241897584845,1296599482186,0.947041972396688
39954205589499,1319349801621,0.945421791714959
40679443210830,1342499808039,0.935990169150371
41417845143644,1366056416815,0.934712589334128
42169650342858,1390027011336,0.934156531237341
42935102100835,1414418623655,0.937495281426669
43714448126111,1439238786801,0.94639996135442
44507940623560,1464495014366,0.940747833704112
45315836376008,1490194890360,0.923185463480577
46138396827332,1516346295992,0.935078797966112
46975888167065,1542957230128,0.939242513403011
47828581416538,1570035769640,0.931750617538269
48696752516586,1597590147386,0.924745591145952
49580682416847,1625628527013,0.934956185508862
50480657166675,1654159632783,0.940948371817476
51396968007715,1683192085610,0.932664807240022
52329911468149,1712734632957,0.928927498610629
53279789458656,1742796375509,0.930522600283357
54246909370113,1773386250701,0.917173632124153
55231584173071,1804513736777,0.915952696621311
56234132519035,1836188237927,0.941285252347356
57254878843584,1868419358507,0.938090948996584
58294153471361,1901216889801,0.931477220542553
59352292722970,1934590928283,0.936825412343204
60429639023813,1968551382642,0.941839860573215
61526541014904,2003108707015,0.955437615957315
62643353665689,2038273377884,0.957411670634193
63780438388922,2074056076470,0.966831162507559
64938163157621,2110467651032,0.965361603362583
66116902624148,2147519275578,0.950496758604928
67317038241450,2185222117394,0.958619242000649
68538958386501,2223587615510,0.954082689512459
69783058485987,2262627494214,0.943941801458448
71049741144268,2302353524086,0.949433887314465
72339416273667,2342777969763,0.952444290197462
73652501227123,2383912740151,0.962880731299333
74989420933246,2425770710702,0.957765460557053
76350608033833,2468364544607,0.94501839843737
77736503023878,2511707134987,0.929193695242157
79147554394112,2555811585897,0.931486503985267
80584218776148,2600691470531,0.939661524008658
82046961090250,2646360285146,0.920830872707228
83536254695783,2692831912371,0.935590605807204
85052581544400,2740120503980,0.947504683341287
86596432336007,2788240635260,0.95618004808474
88168306677557,2837206686750,0.959813054068524
89768713244731,2887033637929,0.949106180252807
91398169946549,2937736691899,0.95068883206949
93057204092970,2989331210974,0.958284167707508
94746352565538,3041832888457,0.966954339791181
96466161991120,3095257569168,0.960388292887171
98217188918804,3149621718382,0.952275131961176
100000000000000,3204941750802,0.958879379961388
101815172171818,3261234506440,0.958783522981075
103663292843770,3318517122720,0.954399280097681
105544960087860,3376806983283,0.956811845491138
107460782832132,3436122004826,0.959126276193645
109411381057719,3496479880155,0.959005883442614
111397385999480,3557899262954,0.949038112350268
113419440350276,3620398728967,0.942951913117148
115478198468946,3683997357774,0.939792304027244
117574326592071,3748714452447,0.940811191329826
119708503049573,3814569556284,0.949756021111537
121881418484229,3881582817267,0.9331013928421
124093776075172,3949774743961,0.937457592366238
126346291765447,4019166018263,0.933068923533775
128639694493697,4089777747337,0.94152736748728
130974726430059,4161631392696,0.942510679487835
133352143216332,4234748825938,0.934124314505202
135772714210518,4309152350972,0.931907494484709
138237222735790,4384864493469,0.92872042650053
140746466333984,4461908561572,0.934361809262274
143301257023696,4540307528279,0.938750095493339
145902421563056,4620085497537,0.929615599909877
148550801717278,4701266803957,0.928424494113325
151247254531062,4783876276998,0.929667551714231
153992652605949,4867939006224,0.928449089766162
156787884382697,4953480517147,0.92615994369324
159633854428794,5040526673811,0.935812356359944
162531483731186,5129104116860,0.937120359064896
165481709994318,5219239996895,0.936717960635191
168485487943584,5310961585577,0.931749534430428
171543789634288,5404296555932,0.933416714918386
174657604766212,5499273883761,0.934629983775835
177827941003892,5595921989102,0.940704598209193
181055824302712,5694270455642,0.950795504101913
184342299240911,5794349324839,0.947300468161895
187688429357622,5896188990400,0.94948946465842
191095297497044,5999820404449,0.947747439830986
194564006158864,6105275375019,0.949748451473602
198095677855034,6212585767784,0.961647175612012
201691455473033,6321784307958,0.956785935007215
205352502645715,6432904362865,0.960131337746727
209080004127872,6545979512109,0.951551324262292
212875166179637,6661044599430,0.947047423683308
216739216956842,6778134448680,0.954514926461252
220673406908459,6897284640719,0.958057586764575
224679009181264,7018531663255,0.955962538261287
228757320031840,7141912341968,0.946240149722827
232909659246055,7267463955932,0.949476806238018
237137370566166,7395225497741,0.939268756620955
241441822125664,7525235322085,0.943865195424314
245824406892020,7657533051369,0.950006708314143
250286543117461,7792159155244,0.955775434721344
254829674797935,7929154685268,0.963152667596398
259455272140402,8068561030949,0.963244675030223
264164832038609,8210421179092,0.954966711066218
268959878557504,8354777956873,0.950323874473843
273841963426436,8501675640549,0.945020286918518
278812666541313,8651158663707,0.948174054299243
283873596475876,8803272991947,0.940667062625279
289026391002245,8958064699587,0.946274613875717
294272717620928,9115581076745,0.952353217175283
299614274100436,9275870117908,0.952739715100614
305052789026703,9438980482792,0.949085579074452
310590022362471,9604961962025,0.944673433942195
316227766016838,9773865306521,0.94301367891128
321967844425138,9945742138865,0.945653599394099
327812115139346,10120644193844,0.950190353751091
333762469429204,10298625395623,0.939645303893242
339820832894256,10479739800382,0.92442277378457
345989166086993,10664042676177,0.931994853279604
352269465147310,10851590026570,0.92958487305252
358663762448477,11042439237243,0.931814122834905
365174127254838,11236648683811,0.928595284968731
371802666391447,11434277105534,0.931730871243209
378551524925863,11635384937881,0.932693644455746
385422886862311,11840033683758,0.933895147697006
392418975848454,12048285422981,0.95304819150711
399542055894989,12260203791178,0.954870365151113
406794432108305,12475853405025,0.9534712798475
414178451436441,12695300041395,0.948007766480894
421696503428582,12918610636569,0.941695835946898
429351021008348,13145853436643,0.946346886458814
437144481261109,13377097511911,0.945884558103065
445079406235600,13612413424017,0.932823776373787
453158363760082,13851872990380,0.937726710305448
461383968273321,14095549187273,0.938476873729077
469758881670649,14343516402402,0.928541157215605
478285814165379,14595850038290,0.935808242417922
486967525165863,14852627465838,0.93572385989037
495806824168466,15113927133207,0.932898934977254
504806571666747,15379828112973,0.940550512550317
513969680077151,15650412007570,0.940856613607506
523299114681495,15925760983141,0.950402256441959
532797894586564,16205959381065,0.94472227296176
542469093701133,16491092532372,0.943716085857291
552315841730710,16781247544091,0.934163689222716
562341325190349,17076512571495,0.935820606371174
572548788435838,17376978215911,0.930716182692069
582941534713607,17682735859633,0.935771682840309
593522927229699,17993879244688,0.946453856825185
604296390238133,18310502763805,0.931448539696608
615265410149037,18632702921112,0.950415742175001
626433536656886,18960578450279,0.953960159489876
637804383889218,19294228972656,0.963590325499937
649381631576211,19633756840400,0.961108959001542
661169026241482,19979265434378,0.956332795824977
673170382414498,20330860197416,0.956735643700011
685389583865008,20688648886773,0.95837508861611
697830584859866,21052739643194,0.968395515329664
710497411442679,21423244269166,0.962594082139528
723394162736675,21800276146253,0.966709975821476
736525012271228,22183950186614,0.969945743842299
749894209332456,22574383131781,0.966237932452398
763506080338335,22971694145034,0.963399092472147
777365030238776,23376004855255,0.95977353074308
791475543941116,23787438559267,0.953992470317395
805842187761482,24206121163361,0.952095551071297
820469610902499,24632179802435,0.936705793954194
835362546957826,25065745385449,0.947354374558992
850525815443996,25506949631706,0.936805259328007
865964323360065,25955927234388,0.93378769042457
881683066775571,26412816024032,0.93420696114437
897687132447314,26877754743765,0.936471733479687
913981699465491,27350885895361,0.936502949266458
930572040929699,27832353418219,0.931898028916768
947463525655375,28322305012390,0.941685396210349
964661619911199,28820889513006,0.939234965103215
982171889188038,29328260071951,0.935169752983901
1000000000000000,29844570422669,0.945443536080125
